,Accuracy,Recall,ROC-AUC
Logistic Regression,0.7035714285714286,0.7333333333333333,0.7853952991452992
Random Forest,0.7207142857142858,0.6916666666666667,0.7770325854700855
Gradient Boosting (XGBoost-equivalent),0.7678571428571429,0.3138888888888889,0.7749011752136752
